UserID,Name,Email,DoB,Location,AccountCreated
1,Paul Cherry,fosterstephen@example.com,12/4/1962,South Sheilafort,10/1/2024
2,John Griffith,pearsonlisa@example.com,7/29/1964,South Kevin,11/28/2024
3,Tyler Gibson,larrygill@example.net,11/28/1970,Port Kyle,9/7/2023
4,Jessica Sellers,allison17@example.net,1/2/2001,Melaniemouth,4/18/2021
5,Timothy Adkins,kbradley@example.net,11/3/1944,East Justinburgh,8/14/2023
6,John Maynard,tmathis@example.com,8/31/1955,North Sara,4/15/2021
7,Gregory Ortiz,jennifer14@example.com,2/23/1953,Greenberg,5/5/2023
8,Rodney Collins,robert49@example.com,3/7/1964,New Melindamouth,3/11/2024
9,Richard Rogers,harpermariah@example.org,1/10/1992,Kellyburgh,11/7/2023
10,Jennifer Howard,jenniferrose@example.net,2/2/1957,North Jamiefort,1/31/2021
11,Darlene Rhodes,phillip82@example.com,6/24/1944,Ernesttown,1/21/2023
12,Pamela Jackson,christophergill@example.com,12/21/1987,North Alexandriamouth,10/29/2020
13,Jennifer Carter,rgreen@example.net,8/13/1994,New Melindaview,3/18/2020
14,Mr. Russell Webb,paulroberts@example.net,8/19/1967,North Deannafort,4/28/2022
15,Brad Stephenson,john18@example.org,1/12/1954,Pricefort,11/9/2022
16,Dr. Mark Townsend PhD,jamesbailey@example.net,6/21/1972,Port Christopher,11/21/2020
17,Mr. Joshua Perez Jr.,matthew99@example.net,9/14/1968,South Lauren,12/12/2021
18,Julie Howard,ugreen@example.org,9/15/1972,Lake Gordon,3/23/2023
19,Meagan Fuller,kaufmanamy@example.org,7/11/1969,Hullstad,7/28/2020
20,Dustin Sanchez,ljohnson@example.org,9/1/1952,Jonesborough,4/11/2021
21,David Bond,luissmith@example.org,8/19/1995,South Anaville,12/7/2020
22,Elizabeth Martinez,matthew02@example.net,7/5/1980,New Rebeccaburgh,1/30/2024
23,Jennifer Richardson,carrolljason@example.com,8/6/1981,Chadtown,5/27/2023
24,Carmen Walker,samanthaavila@example.org,7/2/1972,South Nicholas,10/30/2023
25,Linda Simmons,sarahramirez@example.net,9/20/1972,Port David,4/21/2023
26,Melissa Henderson,clong@example.net,11/14/1961,Lake Kevinland,12/8/2021
27,Harold Smith,roserobert@example.com,11/14/1986,Lake Jamesport,12/3/2023
28,James Adams,erin27@example.com,9/23/1958,North Tiffanyshire,6/7/2023
29,Robert Smith,smithgail@example.net,5/27/2006,Port Ashleyport,6/12/2020
30,Michael Hebert,dianasimmons@example.net,2/19/1974,Moranland,10/13/2023
31,Margaret Mendoza,xhurst@example.org,5/28/1986,West Jason,1/29/2024
32,Stephanie Miller,jennifer85@example.com,7/4/1990,Anthonyside,6/23/2021
33,Rhonda Odonnell,colonjohn@example.net,11/25/1981,Langfurt,7/21/2024
34,Virginia Thomas,lisa02@example.org,9/9/1998,Lake Derek,7/11/2022
35,Katrina Hanna,johnsonjoshua@example.com,8/22/1965,Baileyville,9/20/2020
36,Shelby Cruz,roachnatalie@example.net,1/30/1982,Ortegaberg,7/6/2022
37,Kimberly Edwards,thomasbruce@example.org,6/21/1997,Josephberg,8/29/2022
38,Sheila Evans,jonathan02@example.org,7/16/1991,Stevensville,6/13/2022
39,Jennifer Nguyen,richardbrady@example.net,1/21/1999,Lake Tinaberg,8/24/2024
40,Emily Robbins,linda03@example.net,2/17/1957,Christineton,4/19/2024
41,Sean Lutz,moorejustin@example.org,3/23/1966,Markfort,8/6/2020
42,Eugene Reyes,ryan42@example.net,4/15/1989,Lake Christina,5/28/2022
43,Philip Martinez,shellyrodriguez@example.org,7/9/1985,West Donald,8/10/2020
44,Christine Olson,omullins@example.com,11/9/1983,Harthaven,10/24/2022
45,Michael Perez,adam73@example.com,2/19/1958,East Andreabury,8/27/2024
46,Jill Jimenez,teresajones@example.com,8/2/1983,Anthonyberg,2/2/2023
47,Laurie Williams,angelthompson@example.com,12/3/1982,Johnstad,1/16/2022
48,Victoria Davis,fbrooks@example.net,9/23/1980,Karenbury,7/26/2023
49,Sara Collins,cruzjames@example.org,12/7/1982,Anthonymouth,9/22/2024
50,Daniel Smith,btate@example.com,9/23/1986,Lake Katrinashire,3/1/2020
51,Michelle Marshall,kevingarrett@example.com,2/20/1966,Natashashire,9/25/2021
52,Wayne Thomas,logantabitha@example.com,6/18/1961,Meganburgh,1/14/2022
53,Alexis Day,parkerpaul@example.com,1/19/1965,New William,1/10/2024
54,Jennifer Jacobs,chrischristian@example.com,4/2/1978,Port Sydney,12/9/2021
55,Benjamin Harrison,nancy96@example.net,11/17/1994,Millerbury,12/2/2024
56,Deanna Crosby,robinsondanielle@example.com,10/8/2006,North Jennifer,3/3/2024
57,Thomas Johnson,brandyortiz@example.net,7/31/1953,Michaelton,9/20/2020
58,Luis Camacho,ihill@example.org,8/30/1977,Jamesbury,3/17/2021
59,Kylie Manning,stephenreed@example.org,10/16/1972,Bryantfort,4/5/2021
60,Kevin Cunningham,ialvarez@example.com,8/24/1955,Deniseborough,11/21/2022
61,Timothy Wolf,nicolenguyen@example.com,1/7/1968,Ashleyburgh,7/24/2023
62,Matthew Stokes,lorettasmith@example.com,8/1/1982,East Karen,8/10/2023
63,Wesley Costa,ccollins@example.net,1/11/1988,Monroeton,8/1/2023
64,Anne Johnson,matthewvillarreal@example.org,1/27/1974,West Miguel,12/14/2022
65,Samuel Wheeler,jenniferevans@example.com,9/4/1946,East Hannah,6/12/2020
66,Molly Lopez,fosterryan@example.com,11/27/1991,New Kristifurt,8/1/2022
67,Latoya Bailey,thoward@example.org,5/2/1947,Donnafort,7/19/2023
68,Christopher Thomas,lindsayrose@example.com,8/14/1976,North Maurice,3/5/2024
69,Cameron Allen,rebecca54@example.org,1/7/1952,North Natasha,6/30/2021
70,Heather Hall,ericcox@example.net,7/6/1979,East Jessicaberg,12/16/2020
71,Michael Randolph,ryan79@example.net,2/10/1966,Stevenview,3/20/2021
72,James Nguyen,teresa39@example.org,5/7/1950,East Danielchester,3/10/2021
73,Angela Wilson,copelandmichelle@example.com,1/15/1952,Jasonmouth,1/4/2021
74,Dawn Burgess,gene84@example.net,1/5/1972,Mckinneyport,12/7/2022
75,Amy Villa,monica91@example.org,10/6/1977,North Jessica,3/20/2023
76,Heather Soto,george46@example.com,8/14/1984,West Shirleyville,9/23/2021
77,Alexander Contreras,jasonshort@example.com,4/13/1969,North Diana,2/7/2020
78,Benjamin Gibson,millerdillon@example.com,1/9/1944,Lake Tiffanyview,6/11/2024
79,Megan Santos,austinshaw@example.net,4/5/1995,Hopkinsstad,7/18/2023
80,Evan Jones,brianna45@example.com,4/1/1980,Owensfort,4/2/2022
81,Tyler Lambert,nreed@example.org,4/13/1976,Cardenaston,4/21/2021
82,Michael Calhoun,morrisamber@example.com,5/19/2006,Johnfurt,7/18/2023
83,Matthew Huerta,lisagutierrez@example.net,11/5/1986,West Lorraineborough,7/25/2023
84,Monica Floyd,montoyageorge@example.net,10/8/1951,New Tammymouth,9/2/2023
85,Angela Avila,valerie53@example.net,6/15/1957,Mcdowellbury,11/27/2022
86,Billy King,cannonamber@example.net,12/19/2005,Amandaville,10/25/2024
87,Felicia Ballard,kimberlywheeler@example.com,2/18/1997,Martinside,2/16/2021
88,Brenda Parsons,sbarton@example.com,8/22/1996,Shawnmouth,11/26/2024
89,David Nguyen,jonesthomas@example.org,5/3/1996,West Kellymouth,6/3/2022
90,Veronica Alexander,qdaniels@example.com,7/2/1982,North Laurie,4/14/2024
91,Katherine Blake,mcleanbetty@example.org,5/5/1986,North Amanda,8/30/2023
92,Jamie Gutierrez,howellmakayla@example.net,12/12/1945,Port Meghanview,3/12/2022
93,Susan Anderson,melissa63@example.net,10/19/1981,North Davidfort,10/12/2023
94,Evan Castillo,dawn30@example.net,8/21/1996,South Nicholas,7/26/2020
95,Jesse Hamilton,alexander10@example.org,8/16/1954,Christianshire,1/6/2024
96,Amber Gregory,curtisjones@example.net,1/9/1987,New Teresa,7/4/2022
97,Charles Hines,williamlopez@example.net,11/13/1952,Port Kaitlinberg,10/21/2024
98,Alice Lowery,alexcook@example.org,5/1/1962,North Madeline,11/18/2020
99,Jessica Graham,zmassey@example.net,4/12/1995,Port Ericville,7/2/2020
100,Gary Davidson,gwood@example.net,9/9/1987,Whiteburgh,4/26/2021
101,Angel Combs,truiz@example.com,9/19/1946,Lynchburgh,10/9/2020
102,Amy Kane,jacobwatson@example.net,9/15/1969,North Tina,11/28/2021
103,Valerie Jones,melissalyons@example.net,6/7/1965,Stephenport,4/9/2024
104,William Gordon DDS,quinnelizabeth@example.com,5/18/2004,Wilsonburgh,4/6/2022
105,Nicholas Hughes,ewilliamson@example.com,8/25/1965,Henryburgh,7/15/2021
106,Kimberly Mayo,ronald87@example.org,7/15/1993,Adamsport,5/26/2020
107,Samantha Benjamin,cervantespedro@example.net,6/23/1960,Mooreview,6/9/2020
108,John Lawrence,davismelissa@example.net,12/11/1983,East Jacob,5/20/2023
109,Jeffrey Johnson,wvargas@example.net,12/22/1963,New Tammy,2/23/2022
110,Brittany Hayden,vreed@example.com,9/3/1980,New Jennifer,8/25/2020
111,Robert Mcdowell,reyesdustin@example.com,8/11/1993,New Jamiefort,4/15/2021
112,Jeffrey Evans,steve36@example.net,7/14/1962,North Joanne,7/7/2020
113,Margaret Johnson,ruth06@example.net,1/21/1994,Lesliemouth,2/8/2021
114,Darlene Mccarthy,erinmcbride@example.org,3/15/1959,West Donna,6/30/2021
115,Stacy Gonzalez,chelsea07@example.com,5/5/1944,Cunninghamshire,2/17/2020
116,Jack Morrison,johnstonstephanie@example.org,2/21/1991,New Justin,12/16/2022
117,Nathaniel Gregory,matthewscorey@example.net,3/23/1964,South Stephanie,9/1/2024
118,Tracey Whitaker,joshua05@example.com,8/8/1998,East Maryberg,11/18/2024
119,Lucas Bender,raymondian@example.org,10/27/1970,Lopezfort,8/8/2022
120,Shannon Baldwin,jessica82@example.net,4/6/2004,Johnfort,4/11/2020
121,Meghan Hardin,stevensonmichelle@example.org,1/28/1992,Joelside,5/27/2024
122,Patrick Bowers,justin70@example.net,2/1/1950,South Nicholas,8/4/2024
123,Michael Deleon,ambermurray@example.net,12/25/1986,South Lorimouth,9/21/2020
124,Kevin David,smorton@example.net,5/13/1962,Jeffreyton,9/28/2021
125,Paul Crawford,harrislori@example.com,7/21/1959,East Jamesfort,6/29/2023
126,Kristi Brock,raymondgreene@example.org,10/28/1996,Lake Josebury,9/8/2020
127,Linda Nelson,maldonadoangela@example.com,6/12/1973,Markland,7/5/2024
128,Kimberly Medina,leejames@example.org,11/8/2001,North Matthew,12/24/2021
129,Jeffrey Stewart,yzavala@example.com,7/26/1953,West James,8/23/2021
130,Alex Barnett,bonnie89@example.com,2/13/1952,Port Jennifer,7/15/2020
131,Kimberly Moore,cberry@example.org,8/24/1981,Paulside,1/29/2020
132,Elizabeth Thomas,katherineriggs@example.net,3/25/1992,Jeanborough,5/26/2024
133,Michelle Curtis,sherryclayton@example.com,9/23/1960,East Cathy,4/21/2022
134,Katherine Rodgers,bmarks@example.org,9/3/1949,Melissafurt,1/4/2020
135,Christopher Warner,jermainefitzgerald@example.net,10/3/1976,South Melissaside,1/20/2022
136,Dylan Jones,brendahanna@example.com,12/1/1963,West Jeffport,10/26/2023
137,Kristy Gonzalez,karensmith@example.org,10/23/1979,Lake Patrick,7/26/2024
138,Heather Preston,walkerdebra@example.com,8/28/1955,Huntberg,9/14/2024
139,Michael Evans,zlara@example.net,4/15/1984,North Karaberg,1/15/2024
140,Kristin Johnson,wendy57@example.org,6/20/1989,Sherriview,5/3/2023
141,Felicia King,lambertpatricia@example.org,2/12/1966,West Jenniferland,11/16/2023
142,Katherine Marsh,henry40@example.org,10/30/1975,Griffinmouth,9/5/2022
143,Frederick Frazier,ymcdonald@example.com,6/10/2000,Peterport,5/29/2022
144,Andrea Chen,adam12@example.net,8/4/1960,Andreport,5/10/2021
145,Alexis Green,kevinbarton@example.com,10/12/1964,Port Shelley,4/21/2023
146,Tracy Conway,christopherreyes@example.com,12/8/1958,Jeremyborough,2/28/2020
147,April Lewis,ryancarrillo@example.net,9/22/1969,Lake Johnnybury,4/18/2024
148,Kenneth Wheeler,cynthiastevenson@example.net,10/25/2003,Markberg,6/1/2021
149,Melissa Ford,lmurphy@example.com,9/6/1987,Dominiqueborough,2/16/2022
150,Mark Leonard,wilsonmegan@example.com,5/20/1967,New Sharon,3/12/2023
151,Ronnie Cummings,scott40@example.net,8/11/1947,Perryshire,10/8/2021
152,Cynthia Ross,courtneystewart@example.org,2/4/1993,Longland,1/26/2021
153,Michael King,obeck@example.org,7/7/1970,North Gary,2/8/2023
154,Andrew Cook,nancy88@example.net,12/3/1969,Carlsonfurt,7/10/2021
155,Tyler Young,patricia93@example.com,1/3/1950,Pricechester,6/29/2024
156,Bradley Monroe,denisestrickland@example.org,11/15/1987,Lake Monicaside,11/1/2021
157,Andrew Fox,butlerkimberly@example.com,4/6/1970,North Donna,5/1/2021
158,Brooke Harvey,julie99@example.net,12/3/1947,Ricemouth,10/23/2022
159,Douglas Figueroa,christina53@example.com,12/14/1987,Jeffreyborough,10/1/2022
160,Chad Walters,lbradley@example.net,1/16/1957,Lake Edwardport,3/31/2024
161,Jacob Shaw DVM,espinozamichael@example.com,10/21/1945,East Anthonyton,1/24/2023
162,Kayla Sanchez,dawn99@example.net,4/12/1963,South Michael,4/29/2022
163,Jason Johnson,johnstonrose@example.net,7/27/1979,Erinhaven,5/18/2023
164,Michael Perez,loretta96@example.net,4/8/1959,South Eric,6/20/2022
165,Ashley Hall,sarastewart@example.com,1/28/1970,South Jeffrey,1/12/2021
166,Kristin Gutierrez,allenmalik@example.net,6/28/1946,North Rachelshire,9/2/2020
167,Tiffany Black,tshaw@example.net,8/20/1969,Rogersshire,5/3/2022
168,Nancy Juarez,jeansuarez@example.net,5/7/1984,East Robertton,5/6/2023
169,Thomas Mayer,hurleyaaron@example.net,1/7/2003,Robertshire,7/27/2023
170,Suzanne Mccormick,julie24@example.net,2/18/1991,Rebeccamouth,4/2/2021
171,Gregory Brown,ajohnson@example.org,3/18/1987,Salasfurt,11/11/2024
172,Jacqueline Wilson,keith98@example.net,1/22/1954,Erinfurt,3/13/2022
173,William Brown,delgadodawn@example.org,1/22/1992,Roweland,7/21/2022
174,Richard Ortega,dennissimpson@example.net,11/23/1969,New Thomasville,11/14/2023
175,Jill Walters,cortezapril@example.net,10/28/1994,West Garyfurt,5/22/2024
176,Paul Rhodes,smithcrystal@example.org,1/23/1951,East Andreaville,5/28/2024
177,Jennifer Bryan,brendawalker@example.org,10/22/1957,West Alejandro,10/1/2022
178,Sabrina Hill,boothjamie@example.org,2/23/1975,Thomasland,7/25/2021
179,Michael Allen,george61@example.com,7/22/1962,Lake Marktown,3/25/2022
180,Amy Novak,bradfordrobert@example.org,11/20/1957,Suttonshire,8/19/2020
181,Mr. Caleb Hess MD,xtorres@example.net,9/9/1955,Adamport,11/12/2024
182,Paula Fuller,jennifer90@example.net,3/15/2005,Jenniferfurt,8/14/2024
183,Sandra Baker,sheryl21@example.com,4/24/1980,West Nicholas,9/18/2022
184,Jose Beard,francisandrea@example.net,10/1/2006,Ashleyfort,5/26/2021
185,Robert Shah,cwalker@example.com,10/7/1950,Bethland,11/11/2022
186,Alan Myers,mathewsheather@example.com,5/20/1998,Curtisburgh,9/15/2021
187,Vanessa Taylor,jameswest@example.org,3/4/1989,Port Natalie,10/5/2023
188,Melvin Baldwin,pcastillo@example.com,2/1/1968,New Jennifer,5/6/2024
189,Eric Johnston,sheltonmary@example.com,5/28/1992,Sheriville,6/14/2024
190,Lori Hall,uhood@example.net,5/12/1970,Doughertyville,2/17/2023
191,Gregory Lindsey,kimberly71@example.net,10/8/1950,New Claudiaview,2/23/2020
192,Phillip Montgomery,jennifer33@example.com,9/21/2004,Weberfort,3/28/2020
193,Jeanne Wallace,aliciaguerrero@example.org,4/3/1984,Charlesbury,1/9/2022
194,Ashley Hull,brandttheresa@example.org,3/28/1998,North Anthonyview,8/14/2024
195,Ryan Smith,ubennett@example.net,2/28/1964,Michaelburgh,12/24/2020
196,Casey Smith,richardhorne@example.org,9/17/1992,Claireshire,6/21/2023
197,Robert Johnson,thomasgutierrez@example.com,6/11/1954,Port Ryanview,11/29/2023
198,Daniel Banks,blakekathryn@example.net,11/23/1972,East Lauraview,5/4/2022
199,Maureen Stevens,johnstewart@example.com,2/13/1952,Ryanville,11/18/2023
200,Jennifer Carpenter,johnsullivan@example.net,10/20/1962,Morrisshire,3/3/2023
201,Chelsey Williams,obrady@example.org,5/20/1999,West David,4/9/2024
202,Taylor Harris,zbennett@example.net,12/8/2003,Andersonville,5/1/2023
203,Nicholas Ortiz,amywalls@example.com,9/14/1962,East Margaret,6/22/2023
204,Eric Jackson,jamienelson@example.org,2/2/1973,Lake Adam,9/2/2021
205,Richard Wu,uleblanc@example.com,1/21/1986,Michaelborough,11/28/2022
206,Kelli Thomas,abailey@example.com,2/6/2001,Port Gloriaview,3/29/2020
207,Timothy Ross,anthony73@example.com,5/25/1973,Buchananview,6/20/2020
208,Gary Jennings,ronnie88@example.net,3/30/1986,Parsonsmouth,11/30/2021
209,Renee Roberson,uburton@example.net,1/31/1960,Brownville,4/27/2021
210,Elizabeth Jones,maddoxcameron@example.org,1/29/1976,Lake Carolyntown,12/6/2022
211,Elizabeth Davis,samanthasmith@example.org,12/30/2004,Wilsonfurt,2/26/2022
212,Kristi Christensen,gruiz@example.org,9/17/2005,Lake Stephanieville,12/27/2022
213,Sabrina Archer,adam30@example.com,10/9/1973,Bryantmouth,12/11/2020
214,Stephanie Soto,harrisjulie@example.org,7/30/2006,Daveville,11/23/2023
215,Austin Taylor,jonathanrobbins@example.com,7/4/1950,Port Mathewhaven,7/26/2023
216,Christina Mendez,hmccormick@example.org,5/2/1998,Lake Michaelhaven,1/25/2021
217,Walter Johnson,austinbailey@example.com,5/16/1964,Boydchester,10/28/2021
218,Jason Patterson,marysmith@example.net,1/14/1947,East Brian,5/13/2023
219,Carolyn Cannon,kennethjacobs@example.org,7/7/1979,Robertsonmouth,3/16/2020
220,Melissa Stone,uharrison@example.com,6/29/1966,East Jennifer,1/29/2024
221,Monica Rich,fanderson@example.net,4/23/1944,Port Rebecca,5/1/2021
222,Mariah Morris,hallcindy@example.net,1/21/1983,Bennetthaven,10/16/2020
223,Katherine Cameron,nsimmons@example.org,9/20/1964,East Michaelberg,9/28/2021
224,Jared Gonzalez,davisglenda@example.com,2/10/1987,South Michaelmouth,8/26/2020
225,Carlos Moss,upena@example.com,10/1/2001,Richardsonton,3/7/2020
226,Allison Wood,heather93@example.net,4/1/2005,Perezton,4/4/2024
227,Dennis Gonzales,cordovarobin@example.net,10/20/1946,Jasonfort,1/13/2023
228,Dr. Brenda Harris,mpearson@example.org,11/5/2001,South Ryanmouth,2/19/2021
229,Leslie Martin DVM,jonathan89@example.com,10/6/1947,Sosatown,10/23/2021
230,Donna Morgan,kimberly80@example.org,7/25/1954,Philipville,12/9/2022
231,Kathleen Cross,katie98@example.com,1/2/1990,Lake Antonioton,11/10/2023
232,Michael Perry,stonemary@example.com,2/21/1991,Port Scott,6/15/2021
233,Ronald Green,guerracheryl@example.org,8/17/1979,New Ashleyfurt,5/9/2023
234,Todd Woods,rogerskim@example.com,4/20/1953,Lucerostad,3/21/2021
235,Tanner Anderson,luismcintyre@example.com,5/17/2004,North Dylanland,2/1/2023
236,Alyssa Adams,uromero@example.com,11/17/1978,Saundersstad,5/18/2022
237,Kimberly Marshall,sarah10@example.com,3/6/1944,West Sandra,9/9/2024
238,Melissa Barnett,jhall@example.net,7/6/1983,Port Ricky,1/10/2021
239,Judy Lee,lopezheather@example.org,5/7/1982,Welchberg,6/10/2024
240,Ashley Estrada,mphillips@example.net,12/8/1980,New Javier,4/20/2020
241,Elizabeth Wright,cameron81@example.org,7/18/1971,Holmeschester,3/21/2022
242,Mrs. Mary Allen,kgibbs@example.com,1/26/1992,Batesfort,11/19/2024
243,Dr. Christopher Watts DVM,kim19@example.net,10/28/1958,South Paul,9/18/2020
244,Jennifer Martinez,joshuahoffman@example.org,4/21/1999,North Megan,4/4/2024
245,Crystal Ramirez,michael23@example.net,9/5/1965,Rachelbury,9/21/2021
246,Casey Williams,johnnunez@example.net,8/6/1989,New Barry,12/30/2021
247,William Anderson,njohnston@example.org,9/29/1955,South Tammy,5/24/2024
248,Steven Cannon,daleesparza@example.com,9/20/1970,Grossberg,7/3/2022
249,Teresa Johnson,townsendscott@example.com,3/29/1972,Faulknerside,7/31/2023
250,Steven Miller,julia38@example.net,2/17/1944,Nicoleton,3/6/2021
251,David Hall,osnyder@example.com,4/8/1962,Port Petertown,5/2/2023
252,Michael Quinn,markroberts@example.com,9/29/1992,North Jill,2/13/2023
253,Christopher Jennings,nallen@example.com,8/17/1977,East Bradley,11/9/2021
254,James Cooper,mmarshall@example.org,8/26/1998,Port Coryfort,8/22/2022
255,Jonathan Shaw,fford@example.com,11/29/1965,New Gary,6/25/2021
256,Brian Jacobs,wolfedana@example.org,7/9/1945,Cooperfurt,7/23/2020
257,James Kerr,judith96@example.org,8/23/1998,Kathryntown,9/3/2021
258,Lisa Estrada,sullivanlori@example.com,1/11/1964,New Harrystad,6/19/2020
259,Julie Graham,william03@example.org,9/23/1952,Savagestad,2/8/2024
260,Ashley Calhoun,michellecooper@example.com,2/9/1975,New Anita,5/15/2021
261,Christine Thomas,mendezdebra@example.com,1/2/1967,Rogersside,6/28/2024
262,Larry Walker,erik28@example.com,12/22/2002,Garzaland,3/16/2023
263,James Hall,obryan@example.org,4/20/1975,Port Darrell,11/10/2021
264,Sarah Brown,kpadilla@example.net,9/19/2002,Louismouth,11/22/2023
265,Stacy Perez,xlyons@example.org,10/11/1969,Port Daniel,5/22/2023
266,Melissa Thompson,alex80@example.com,9/28/1996,West Derek,6/21/2022
267,John Khan,vthomas@example.org,4/19/1980,Garzaport,9/14/2020
268,William Huber,marylloyd@example.com,8/8/1970,Josephstad,6/20/2022
269,Allison Lopez,zmccormick@example.net,6/9/1984,Matthewville,1/20/2023
270,Natalie Shah,norrisrandy@example.org,3/12/1990,Suarezshire,10/24/2024
271,William Hernandez,hermanmichelle@example.net,5/30/1983,North Brianview,5/18/2022
272,Victoria Griffin,jerry04@example.net,8/30/1994,North Jade,5/16/2024
273,Kathryn Moreno,ginasmith@example.org,2/5/1978,Bradyberg,4/13/2021
274,Jeffrey Peterson,jensengarrett@example.com,8/21/1964,East Amandabury,8/13/2024
275,Cynthia Miranda,nataliewalters@example.net,3/16/1953,Port Jessicaland,6/2/2023
276,Alexander Moore,katherine00@example.net,1/18/1981,Lake April,9/1/2022
277,Valerie Shaw,xphillips@example.org,3/19/1995,North Markview,1/6/2022
278,Zachary Harrell,gsuarez@example.com,10/9/1950,Hughestown,8/3/2024
279,Kevin Hayes,tyler72@example.net,5/24/1956,Port Andrew,4/19/2020
280,Diana Stark,davidgarcia@example.org,9/27/1948,Lake David,11/22/2021
281,Bradley Cannon,steven85@example.org,7/28/1999,Port Shanefurt,4/19/2020
282,Elizabeth Coleman,brittany94@example.com,6/16/1989,Olsenburgh,11/5/2021
283,Brandon Tucker,rachelthomas@example.net,8/21/1982,Brianstad,9/1/2021
284,Stephanie White,samantha46@example.net,5/14/2000,Port Patrick,3/5/2024
285,James Ruiz,kylemorris@example.org,10/2/1978,Mauriceside,2/6/2020
286,Rachel Ritter,randall38@example.org,4/27/1972,Martinezfurt,5/17/2021
287,Angela Smith,xdavis@example.org,5/1/2005,Lake Lisa,12/29/2022
288,Wendy Mccall,lindsey45@example.com,7/5/1948,West Richardburgh,7/21/2020
289,Diane Romero,acarter@example.net,2/4/1959,New Jenniferland,5/12/2024
290,Brandon Mendoza,schultztara@example.net,10/6/1951,South Marvin,10/11/2020
291,Mrs. Tracy Ochoa,mcbridealexandra@example.com,6/17/1992,West Patriciaport,8/12/2021
292,Glenn Reynolds,cquinn@example.com,4/11/1976,Schmidtville,2/18/2021
293,Don Ware,christopher35@example.org,8/21/1991,Harrisland,2/9/2024
294,James Johnson,douglas47@example.net,7/18/1984,West Timothymouth,5/16/2023
295,Barbara Chavez,hbender@example.com,5/16/1945,Port Richardton,10/12/2020
296,Susan Jones,kevin96@example.org,8/13/1953,Riveraton,11/18/2020
297,Cheryl Quinn,yburnett@example.com,6/19/1964,Paulaberg,8/4/2020
298,Kimberly Wilson,cbrewer@example.com,6/10/1955,Keithbury,4/30/2023
299,Molly Russell,tnavarro@example.com,5/2/1976,East Tiffany,2/16/2021
300,Brandon Hopkins,brooksbenjamin@example.org,5/3/1972,South Nina,1/4/2024
301,Bianca Ramirez,mary21@example.org,6/1/1976,Davidshire,3/15/2021
302,Emily Rivera,xshaw@example.net,6/26/1945,Andersontown,9/5/2021
303,Melinda Washington,riveradeborah@example.com,5/19/1983,Lake Alexandrafort,12/9/2020
304,Danielle Allison,diazmichael@example.net,3/9/1981,North Markburgh,7/29/2023
305,Kayla Martinez,vhaynes@example.com,11/4/1949,Richardport,12/22/2023
306,Emily Fisher,jeanettedaniels@example.org,11/26/1963,Simmonsland,9/24/2024
307,Douglas Adams,christopher87@example.org,6/20/1975,Amandaport,4/21/2022
308,Eric Jones,xgregory@example.net,2/28/1991,Sarahport,9/5/2024
309,Diana Morris,moorebryce@example.com,1/11/1966,Jacksonburgh,1/13/2021
310,Kelsey Walker,goodwinbeth@example.com,12/24/1953,East Vanessabury,3/16/2023
311,Savannah Garrett,erica79@example.org,8/9/1980,New Larrystad,7/9/2021
312,Brian Benson,dawnsaunders@example.net,11/18/1986,Stephenborough,9/12/2024
313,Alfred Horton,brownrobin@example.net,1/27/1952,New Katherinehaven,7/7/2024
314,Debbie Hanson,thompsonkristen@example.net,6/21/1972,East Amyborough,6/6/2021
315,Judy Johnson,anthony98@example.com,11/26/1963,Brittanyfort,4/26/2020
316,Kyle Hess,michael16@example.org,12/31/1944,Port Colleen,11/8/2024
317,Louis Irwin,tammybrandt@example.org,4/28/1984,Hughesland,5/23/2022
318,Richard Harris,xjohns@example.net,7/12/1972,Dennisfort,7/23/2024
319,Thomas Harris,tanderson@example.net,10/30/1992,North Isaac,2/16/2024
320,Deanna Savage,harmonteresa@example.org,1/14/1947,Kellyville,2/18/2023
321,Brian Townsend,ryanjones@example.net,11/28/1980,North Christinaland,12/13/2020
322,Cynthia Mason,rodney20@example.com,4/10/1982,Sanchezbury,6/20/2021
323,Tracey Blackwell,michaelgraham@example.org,6/10/1987,East Troyhaven,12/30/2021
324,Mrs. Amy Garcia,michael37@example.net,7/31/2003,Kyleberg,7/21/2023
325,Jessica Buchanan,rosalesjessica@example.net,10/5/1947,New William,9/11/2021
326,Michael Smith,jeffreyroberts@example.com,8/29/2000,Geoffreyland,5/4/2020
327,Christopher Spence,david61@example.com,5/28/1971,Dennismouth,12/22/2021
328,Eric Clark,clopez@example.net,5/17/2005,Colonberg,2/13/2022
329,Tiffany Williams,sbell@example.net,4/13/1969,East Jessicastad,7/3/2022
330,Tina Williams,anthonywiley@example.net,11/18/1969,Ryanmouth,6/24/2022
331,Ryan Johnson,unolan@example.org,2/25/1991,New James,5/14/2021
332,Kerry Mosley,jose71@example.org,7/9/1952,Christopherberg,8/25/2024
333,Melissa Soto,randy73@example.net,9/25/1962,East Matthewside,9/3/2024
334,Timothy Long,loridavis@example.net,2/25/1950,Port Brian,5/25/2020
335,Kristen Porter,andersonmichael@example.org,10/27/1989,Wrighttown,9/24/2024
336,Ashley Brown,nancygonzalez@example.org,6/11/1950,Georgebury,5/16/2024
337,Anna Wilson,katelyngarcia@example.net,8/26/1972,Jasonland,4/21/2021
338,Dr. Penny Fields,megancrane@example.org,2/3/1947,New Michaelville,5/1/2021
339,Jamie Rodgers,michelleperez@example.org,3/21/2005,New Mary,11/6/2024
340,Micheal Fisher,sabrinafrey@example.org,7/31/1993,East Meganshire,3/1/2021
341,Nicole Robinson,cannonmichael@example.org,7/14/1964,Sydneystad,11/29/2023
342,Jennifer Mercado,katiekeith@example.org,3/24/1969,Phillipsside,8/30/2023
343,Jesse Johnson,dhuang@example.com,12/12/1980,Lake Gary,3/6/2022
344,Kathryn Mcguire,russell48@example.org,5/17/1945,Port Danielfort,4/22/2022
345,Brittney Ashley,traci81@example.net,9/23/1984,West Timothyberg,8/24/2021
346,Brittany Santos,uherrera@example.com,11/10/1988,East Robert,1/18/2024
347,Alex Mendoza,ryansalas@example.com,1/29/1976,Russellmouth,12/21/2022
348,Carmen Snyder,lilisa@example.com,3/2/1998,Cynthiatown,4/16/2023
349,Amanda Ponce,ratkinson@example.net,5/8/1961,Gutierrezfurt,3/8/2024
350,Reginald Jones,pattongary@example.com,12/20/1986,Morenoville,2/21/2023
351,Roy Shannon,ggonzalez@example.net,6/14/1991,Camachoside,6/2/2023
352,John Tran,jason17@example.net,1/16/1973,North Josephfort,10/14/2023
353,Melissa Tucker,melissa53@example.net,9/26/1950,Port Joanneside,10/11/2021
354,Caleb Peck,richard98@example.org,12/22/1988,Port Michaelton,7/27/2022
355,Sandra Chapman MD,herrerasavannah@example.org,8/2/1945,Torresstad,5/4/2020
356,Cindy Hensley MD,jennifer18@example.com,3/1/1975,Port Daniel,8/30/2023
357,Angel Vang,fordjenna@example.net,9/25/1971,Danielton,5/16/2020
358,Andrea Hernandez,david78@example.org,11/15/1964,Lindamouth,4/15/2020
359,Jessica Mercado,daniel97@example.net,6/7/2003,Perezmouth,5/18/2022
360,Angela Johnson,jeremy62@example.net,5/21/1973,West Sara,5/28/2021
361,Larry Holland,brucewebb@example.com,10/10/2004,Nicolehaven,10/19/2021
362,Jason Christensen,jeffrey54@example.net,1/16/1982,South Frankton,9/11/2021
363,Michelle Smith,edgarhill@example.net,3/3/1998,Lake Lori,9/29/2021
364,Rachael Davis,latasha60@example.com,12/3/1985,Grahamberg,5/6/2022
365,Miss Alexandra Cruz,kylenelson@example.com,8/22/1966,East Roberttown,11/23/2022
366,Rachael Weber,ocopeland@example.net,9/20/2004,Emilymouth,5/12/2024
367,Elizabeth Smith,kelsey36@example.net,6/1/1944,Longside,7/5/2023
368,Sherry Forbes,dawnfrederick@example.org,1/4/1971,Johnsonhaven,10/27/2023
369,Reginald Wright,seanlee@example.com,8/26/1961,Taylorport,4/3/2024
370,Maria Galloway,codybrown@example.org,1/9/1953,Brandonshire,2/13/2022
371,Timothy Johnston,ssmith@example.org,3/13/1983,Lake Joyceburgh,11/15/2023
372,Laura Torres,raymonddawn@example.net,11/19/1955,New Aaronview,9/8/2024
373,Michelle Ayala,justin14@example.org,7/7/1955,West Madeline,5/14/2021
374,Kirsten Perez,rileyjennifer@example.com,4/13/2000,West Jesseburgh,4/5/2021
375,Christopher Leblanc,patrickbrown@example.com,11/18/1976,Port Omarmouth,4/5/2020
376,Kimberly Moyer,mcbrideerik@example.org,12/6/1950,Davidhaven,2/16/2021
377,Daniel Wallace,hansontheodore@example.net,2/7/1948,Acevedoburgh,10/19/2023
378,Sarah Schultz,moorenicholas@example.net,10/24/1977,West Charles,4/9/2021
379,Kari Baker,ocrawford@example.org,9/30/1950,Aaronmouth,1/8/2021
380,Christopher Gibson,heather48@example.net,6/19/1948,Lake Jennifer,6/14/2023
381,Kimberly Bailey,travis93@example.com,1/23/1993,Lake Joel,12/16/2020
382,Miguel Patterson,tina41@example.com,5/9/1996,Figueroatown,12/30/2020
383,Gary Frost,victoriafarmer@example.com,7/29/1986,Michaelhaven,8/6/2024
384,Amanda Gutierrez,btyler@example.com,2/19/1946,Lake Jordanbury,6/28/2020
385,Randy Farmer,kingjavier@example.com,9/15/1946,Bradleymouth,12/25/2023
386,Robert Pineda,scox@example.net,9/13/1993,Port Elizabeth,3/31/2024
387,Julie Smith,zscott@example.org,7/27/1955,Michelleland,5/24/2024
388,Leslie Gallagher,garciamatthew@example.net,11/24/1991,West Jessica,8/12/2022
389,Bryan Smith,chloecarson@example.net,11/17/1960,Parksborough,2/11/2023
390,William Osborne,tricia50@example.com,4/26/1989,Sullivanhaven,3/18/2020
391,Jacob Wagner,cynthia57@example.com,7/13/1981,Tylerport,6/15/2023
392,Kristin Tate,tracisanchez@example.com,4/28/1959,Carlashire,10/29/2020
393,Gary Norris,lutzmary@example.com,12/12/1949,Rogersview,4/22/2020
394,Vincent West,aguirrenicholas@example.com,9/19/2001,East Nicole,8/19/2020
395,Donna Brown,perezfaith@example.com,12/13/1958,New Lindaville,10/4/2022
396,Michelle Khan,julielambert@example.org,5/12/2004,West Jacobmouth,8/28/2022
397,William Simpson,paul03@example.org,2/20/2003,Lake Andrewmouth,2/12/2023
398,Casey Clarke,dennisvaughn@example.com,10/13/1964,Lake Susan,5/8/2024
399,Cheyenne Potts,connie11@example.org,4/24/2003,Juliechester,5/22/2023
400,Danny Martin,julie17@example.com,1/21/1995,South Gregorychester,12/16/2020
401,Anthony Mitchell,nguyensean@example.org,7/21/1947,Lake Brittany,12/28/2021
402,Andrew Chung,oliviamann@example.net,10/13/1958,Carolynfurt,5/22/2024
403,Melissa Flores,triciaodonnell@example.net,6/28/1984,Stephenmouth,9/22/2024
404,Harold Anderson,alvarezvictoria@example.org,12/10/1972,West Sarah,1/13/2021
405,Robert Vazquez,jasonsmith@example.org,5/11/1972,South Devin,7/10/2023
406,Mark Trujillo,patricksmith@example.com,4/20/2002,Leborough,12/1/2022
407,Karla Spencer,dperez@example.org,10/9/1947,Lake Williamtown,7/27/2021
408,Bonnie Howard,jduncan@example.org,1/28/1984,Frankfurt,3/24/2020
409,Caitlin Perry,phillipsrobert@example.org,2/23/2004,West Tammymouth,7/31/2023
410,Mrs. Christine Perez,ynunez@example.net,10/20/1979,North Josephmouth,6/10/2020
411,Alexandria Garcia,joycerasmussen@example.com,9/5/1953,Mcneilberg,10/15/2023
412,Kimberly Jones,brandon32@example.com,5/25/2003,East Robin,5/26/2023
413,Patricia Blackburn,dfisher@example.org,7/19/1957,South Alyssaville,9/5/2024
414,James Shelton,donaldreed@example.com,11/19/2002,New Carlos,11/12/2022
415,Christopher Munoz,davisjoseph@example.net,5/31/1953,South Ericstad,6/21/2023
416,Karen Chandler,paulaknight@example.org,4/10/1996,New Ryan,11/30/2022
417,Cole Compton,skinnerjames@example.org,7/16/2000,Stuartburgh,6/16/2022
418,Jennifer Andrade,paul40@example.org,5/25/1999,Hurstton,4/29/2023
419,Valerie Cook,johnsongordon@example.org,6/1/2006,New Julia,1/17/2024
420,John Hogan,robertlynch@example.com,12/8/1984,Cameronport,10/25/2022
421,John Huff,jesuscruz@example.net,11/14/1962,Port Oliviaside,2/27/2023
422,Holly Hess,kmarshall@example.com,7/30/1960,Coreybury,9/12/2020
423,Nicole Montgomery,jennale@example.com,5/10/1983,East Elizabethfurt,7/29/2021
424,Veronica Ramsey,ppeterson@example.com,4/12/1972,Robinsonberg,5/27/2023
425,Jonathan Reyes,jschultz@example.com,2/6/1977,Port Jennifer,1/23/2020
426,Shawn Avery,christineoliver@example.com,9/23/1985,New Michelleberg,7/13/2023
427,Nicole Martinez,mary36@example.org,6/6/1963,Ronaldport,2/8/2024
428,Andrew Patterson,ccameron@example.org,12/24/1962,Jeffreyfurt,11/28/2023
429,Sandra Davis,tatecristian@example.com,2/5/1997,South Corey,4/22/2022
430,Nicole Matthews,reneesweeney@example.com,6/5/1947,Williammouth,3/4/2024
431,Kyle Martin,sharonlang@example.com,3/26/2006,New Emilyhaven,8/20/2022
432,Deanna Wolfe,adamsdavid@example.net,7/5/1975,Lindaland,1/19/2020
433,Michael Stephens,ryancoleman@example.org,6/29/1987,South Andrewburgh,3/31/2022
434,Kelly Gomez,cmontes@example.net,4/11/2001,Joshuabury,8/16/2023
435,Crystal Gonzales,martha20@example.net,5/24/1969,Arthurhaven,7/29/2022
436,Susan Smith,darin14@example.org,8/3/1984,West Michelleshire,8/2/2024
437,Katie Dalton,thomascatherine@example.com,12/23/1985,Jamieborough,11/7/2023
438,Nancy Fox,christineolson@example.com,4/4/1954,Bryanshire,7/25/2022
439,Ashley Miller,ihudson@example.com,10/27/1994,South Kevinchester,11/17/2023
440,Nicole Palmer,thomas96@example.org,11/18/1948,Gibsonshire,3/14/2024
441,Ricky Duncan,brianharris@example.com,11/28/1959,Port Reginald,1/13/2023
442,Debra George,martinrobert@example.net,4/12/1995,South Monica,5/9/2023
443,Brandon Rice,jessica73@example.net,9/28/1960,Kaylaside,7/27/2021
444,Craig Cohen,kim35@example.com,10/14/1960,Spencerbury,6/16/2022
445,Megan King,phillipsjillian@example.org,12/11/1992,Hollandfort,3/19/2024
446,Brett Berry,grayadam@example.net,4/14/1972,Virginiahaven,9/15/2020
447,Joshua Farmer,melvin78@example.com,6/12/1998,Lake Cindystad,11/14/2023
448,Ryan Bowen,john51@example.com,7/8/1949,South Daniel,2/8/2024
449,Randy Hansen,parkersara@example.org,8/24/2000,Suareztown,7/4/2020
450,Alexis Thompson,kelleyvictoria@example.net,7/21/1983,Benjaminside,2/9/2020
451,Renee Hunter,waltervaughn@example.com,10/4/1995,East Danshire,7/8/2021
452,Jessica Dennis,reneedavis@example.org,5/6/1970,Port Thomasfurt,7/9/2021
453,Clifford Curtis,dzavala@example.org,9/21/1979,Andrewview,6/20/2024
454,Sarah Archer,natalie61@example.com,12/19/1984,North Nicole,2/28/2020
455,Tamara Harper,olsonjason@example.net,8/22/1949,East Danielbury,10/22/2020
456,Eric Woodward,cbright@example.net,8/21/1994,Port Danielshire,12/5/2020
457,Billy Harding,xmartinez@example.net,2/15/1969,South Jared,1/8/2024
458,Michael Butler,qtaylor@example.org,9/28/2000,Davidside,5/17/2020
459,Todd Hardy,melissajones@example.org,3/5/1985,Janetmouth,5/2/2021
460,Travis Dennis,michaelmckenzie@example.com,11/22/1984,West Paulatown,1/25/2020
461,Michael Whitehead,ericphillips@example.net,10/5/1963,Stevenbury,3/6/2022
462,Daniel Pace,chanjessica@example.org,1/27/2000,East Kylehaven,1/10/2023
463,Gina Lee,pwalters@example.net,10/11/1987,Port Shane,3/5/2024
464,Patrick White,patriciaadkins@example.com,2/13/1964,Noahstad,1/22/2024
465,Alexandra Bradley,garnold@example.net,4/19/2004,Lake Tracy,8/6/2020
466,Carolyn Clements,randyscott@example.org,2/26/1963,Sharonmouth,2/9/2022
467,Kerry Young,stevenbaxter@example.org,3/23/1969,Port John,7/15/2020
468,Matthew Wright,juan79@example.org,4/29/1995,Patriciaport,1/29/2023
469,Ashley Park,michaelaguilar@example.net,3/7/1945,South Veronica,3/9/2021
470,Katrina Townsend,irobinson@example.com,5/17/1975,Port Jameschester,12/10/2020
471,Kevin Burgess,icarney@example.net,4/19/1967,Morganchester,3/28/2023
472,Daisy Ford,nicholasflores@example.org,7/8/2004,New Bryan,3/21/2024
473,Dr. Willie Pittman MD,steventhomas@example.org,7/21/1981,South Alexanderchester,9/13/2021
474,Tyler Lara,ronaldbush@example.org,10/3/1991,Chandlerhaven,2/23/2020
475,Danielle Roy,ylewis@example.net,6/26/1981,South Jamesberg,7/17/2024
476,Nathan Haley,sbrown@example.net,1/2/1994,New Kathleen,5/28/2024
477,Caleb Logan,katherine45@example.net,6/18/1949,Hendersonstad,9/4/2020
478,Kendra Turner,reedrebecca@example.org,4/30/1975,East Nicoleshire,5/2/2024
479,Bruce Jenkins,mullenjulia@example.net,8/14/1965,South Kirsten,10/24/2024
480,David Allen,marvinmorgan@example.com,3/7/1953,Calvinborough,10/10/2020
481,Cynthia Gonzalez,dmendez@example.net,7/14/1973,Armstrongbury,5/4/2020
482,Travis Brewer,rhunt@example.org,2/8/1950,Lake Douglasbury,1/16/2020
483,Thomas Owens,jamessanford@example.com,8/2/1991,West Dylan,4/20/2021
484,Eric Burke,joyhernandez@example.net,8/23/1970,Port Brian,4/25/2021
485,Debbie Vasquez,millerjacqueline@example.net,10/19/1972,South Jamesmouth,9/20/2020
486,Felicia Martinez,lucasdavis@example.net,10/26/2001,Danielbury,8/6/2023
487,Jose Guzman,hansenrichard@example.com,9/14/1964,Beverlyton,9/9/2021
488,Erin Cook,mcleancarlos@example.com,4/9/1977,North Angelastad,7/28/2021
489,Dana Prince,bmurphy@example.net,6/3/1978,North Pamela,7/25/2024
490,Kristina Serrano,csweeney@example.net,6/19/1987,South John,5/5/2024
491,Curtis Keith,dcox@example.net,8/27/1991,Baldwinland,10/23/2020
492,Leah Black,michelle68@example.com,4/4/1959,Kevinview,4/27/2023
493,Willie Allen,dcarter@example.org,1/6/1977,Duranchester,11/15/2021
494,Stephanie Hoffman,tbeck@example.net,11/2/1996,New Jacqueline,1/7/2023
495,Megan May MD,srivera@example.org,7/4/1981,Ryanstad,5/12/2020
496,Anne Padilla,wsingh@example.org,4/1/1977,Christopherborough,10/5/2021
497,Brittany Miller,debbiehamilton@example.com,11/13/1986,Paulton,11/15/2023
498,Cathy Ibarra,salinasderek@example.net,1/14/2000,Lake Jenniferborough,1/22/2021
499,Valerie Trujillo,destrada@example.com,8/21/1969,Samanthahaven,4/4/2024
500,Traci Stein,christopherking@example.net,2/25/1975,East Tina,8/30/2020
